cutoff,rss,N,N_low,N_high,share_low,share_high,rank_cutoff,rank_rss
20.42690757286048,1.9746797,1060,1055,5,.99528301,.0047169812,1054,1
-1.475984868291519,1.978809,1060,100,960,.094339624,.90566039,100,2
-1.503894890462698,1.9793597,1060,99,961,.093396224,.90660375,98,3
-1.49139594403494,1.9793597,1060,99,961,.093396224,.90660375,99,4
-1.518839837591293,1.9794102,1060,97,963,.091509432,.90849054,97,5
-1.421623349011453,1.9806458,1060,103,957,.097169809,.90283018,102,6
-1.413145882620969,1.9806458,1060,103,957,.097169809,.90283018,103,7
-1.423857058531039,1.9806911,1060,102,958,.096226417,.90377361,101,8
-1.396427280936643,1.9814808,1060,107,953,.10094339,.89905661,106,9
-1.356444091278588,1.9814863,1060,108,952,.10188679,.89811319,107,10
-1.409961993119516,1.9814925,1060,104,956,.098113209,.90188682,104,11
-1.396497196278015,1.9815075,1060,106,954,.1,.89999998,105,12
-2.189804389442415,1.9819466,1060,67,993,.063207544,.93679243,66,13
-2.186583091418978,1.9819466,1060,67,993,.063207544,.93679243,67,14
-1.331922690449778,1.9819573,1060,109,951,.10283019,.89716983,108,15
-1.331892924476499,1.9819573,1060,109,951,.10283019,.89716983,109,16
-2.169962884684091,1.9820076,1060,69,991,.065094337,.93490565,68,17
-2.146128517490304,1.9820076,1060,69,991,.065094337,.93490565,69,18
-1.320230140445232,1.9820389,1060,110,950,.10377359,.89622641,110,19
-2.833783657054092,1.9820535,1060,46,1014,.043396227,.95660377,45,20
-2.82947981301474,1.9820535,1060,46,1014,.043396227,.95660377,46,21
23.78415386213944,1.9821759,1060,1057,3,.99716979,.0028301887,1057,22
-1.978809376741049,1.9821916,1060,76,984,.071698114,.92830187,75,23
-1.975619766264841,1.9821916,1060,76,984,.071698114,.92830187,76,24
-1.30875044467211,1.9823009,1060,111,949,.10471698,.89528304,111,25
-2.001478199009878,1.9823886,1060,73,987,.068867922,.93113208,73,26
.939648539068601,1.9824017,1060,707,353,.66698116,.33301887,707,27
.9402833771583921,1.9824089,1060,708,352,.66792452,.33207548,708,28
.9428153925125753,1.9824097,1060,709,351,.66886795,.33113208,709,29
5.260356049821175,1.982569,1060,992,68,.93584907,.064150944,992,30
-2.066606721759174,1.982599,1060,72,988,.067924529,.9320755,71,31
-2.056522048001754,1.982599,1060,72,988,.067924529,.9320755,72,32
-2.077660767652623,1.9826148,1060,70,990,.066037737,.93396229,70,33
.964841066593472,1.9826216,1060,711,349,.67075473,.32924527,711,34
52.81869496955621,1.9826242,1060,1059,1,.99905658,.00094339624,1059,35
.9641247428148144,1.9826427,1060,710,350,.66981131,.33018869,710,36
5.288529570458111,1.9826454,1060,994,66,.93773586,.062264152,994,37
.9805722376629774,1.9826607,1060,713,347,.67264152,.32735848,713,38
29.50117177841195,1.9826858,1060,1058,2,.99811321,.0018867925,1058,39
-2.340046453648267,1.9827025,1060,58,1002,.054716982,.945283,57,40
-2.338673456436666,1.9827025,1060,58,1002,.054716982,.945283,58,41
.9760960217873575,1.9827858,1060,712,348,.67169809,.32830188,712,42
21.74299683367878,1.9828024,1060,1056,4,.99622643,.003773585,1055,43
21.92381871254361,1.9828024,1060,1056,4,.99622643,.003773585,1056,44
5.271822260450521,1.9828625,1060,993,67,.93679243,.063207544,993,45
-1.997972931639783,1.982958,1060,75,985,.070754714,.92924529,74,46
-1.849670876006105,1.9829607,1060,80,980,.075471699,.9245283,79,47
-1.229795476312637,1.9830971,1060,116,944,.10943396,.89056605,115,48
-1.959094035885885,1.9831017,1060,78,982,.073584907,.92641509,78,49
5.349239431878239,1.9831076,1060,995,65,.93867922,.061320756,995,50
-1.97078039421377,1.9831871,1060,77,983,.072641507,.92735851,77,51
-1.276230334908179,1.9832121,1060,114,946,.10754717,.89245284,113,52
-1.267554379490968,1.9832121,1060,114,946,.10754717,.89245284,114,53
-1.848916166639474,1.9832151,1060,81,979,.076415092,.92358488,80,54
-1.276595392849418,1.9832349,1060,112,948,.10566038,.89433962,112,55
-1.837360392107784,1.9832559,1060,83,977,.078301884,.92169809,82,56
-1.812656998152993,1.9832737,1060,85,975,.080188677,.91981131,85,57
-1.831840586525616,1.9832805,1060,84,976,.079245284,.92075473,83,58
-1.817254190942545,1.9832805,1060,84,976,.079245284,.92075473,84,59
-1.21894286579452,1.9832805,1060,117,943,.11037736,.88962263,116,60
-1.210764269484468,1.9832805,1060,117,943,.11037736,.88962263,117,61
-2.192865606805626,1.9834484,1060,66,994,.062264152,.93773586,65,62
-1.210440431050604,1.9834502,1060,118,942,.11132076,.88867927,118,63
5.431052178408044,1.9834702,1060,997,63,.94056606,.059433963,997,64
5.386074257659939,1.9835061,1060,996,64,.93962264,.060377359,996,65
-1.796512587919888,1.9835141,1060,88,972,.083018869,.91698116,87,66
-1.789398671675243,1.9835141,1060,88,972,.083018869,.91698116,88,67
-1.799134414122593,1.9835526,1060,87,973,.082075469,.91792452,86,68
-2.217347288331944,1.9835701,1060,65,995,.061320756,.93867922,64,69
-2.38596138470059,1.9835885,1060,56,1004,.052830189,.94716984,56,70
-1.839087716852547,1.9836375,1060,82,978,.077358492,.92264152,81,71
-1.786796198877542,1.9836724,1060,89,971,.083962262,.91603774,89,72
-2.290913290194154,1.9837465,1060,60,1000,.056603774,.94339621,59,73
-1.745814192873149,1.983853,1060,91,969,.085849054,.91415095,90,74
-1.1454014344725,1.983901,1060,121,939,.11415094,.88584906,121,75
-1.168463731867345,1.9839014,1060,120,940,.11320755,.88679248,120,76
5.178701705052312,1.9839065,1060,991,69,.93490565,.065094337,991,77
1.001256395346675,1.9839323,1060,716,344,.67547172,.32452831,716,78
-1.205785477429422,1.9839339,1060,119,941,.11226415,.88773584,119,79
5.049519834880868,1.9839438,1060,990,70,.93396229,.066037737,990,80
.9997738897146902,1.984109,1060,715,345,.6745283,.3254717,715,81
-2.289654699035038,1.9841137,1060,61,999,.057547171,.94245285,60,82
-2.281715066255273,1.9841137,1060,61,999,.057547171,.94245285,61,83
5.010186147985735,1.9841459,1060,989,71,.93301886,.066981129,989,84
4.891419061983973,1.984218,1060,988,72,.9320755,.067924529,988,85
-1.686987686817454,1.9842627,1060,92,968,.086792454,.91320753,91,86
.9959170783999152,1.9842806,1060,714,346,.67358488,.32641509,714,87
-2.279887363036944,1.9843596,1060,62,998,.058490567,.94150943,62,88
-2.276121824649968,1.9843596,1060,63,997,.059433963,.94056606,63,89
-1.677834175758583,1.9845761,1060,93,967,.087735847,.91226417,92,90
-1.543997728596155,1.9845831,1060,96,964,.090566039,.90943396,96,91
-1.652833631655183,1.9846728,1060,94,966,.088679247,.91132075,93,92
-1.617272757043495,1.9846728,1060,94,966,.088679247,.91132075,94,93
-1.608236414345353,1.984692,1060,95,965,.089622639,.91037738,95,94
-1.139824213589337,1.984753,1060,122,938,.11509434,.88490564,122,95
-1.127604949106054,1.9847835,1060,124,936,.11698113,.88301885,124,96
-1.121747990874158,1.9847889,1060,125,935,.11792453,.88207549,125,97
-2.637585347879194,1.984821,1060,48,1012,.04528302,.95471698,48,98
-2.710206642913291,1.9848239,1060,47,1013,.044339623,.9556604,47,99
-1.131004124207231,1.9848474,1060,123,937,.11603773,.88396227,123,100
-1.115038463982871,1.9848852,1060,127,933,.11981132,.8801887,126,101
-1.104894190124257,1.9848852,1060,127,933,.11981132,.8801887,127,102
-1.077924007007751,1.9848959,1060,134,926,.12641509,.87358493,133,103
-1.048757030393052,1.9848959,1060,134,926,.12641509,.87358493,134,104
-1.085363063866808,1.9849114,1060,132,928,.1245283,.87547171,131,105
-1.078644816541955,1.9849114,1060,132,928,.1245283,.87547171,132,106
-1.093138650806852,1.9852566,1060,128,932,.12075472,.87924528,128,107
-1.087916587594641,1.9852853,1060,130,930,.12264151,.8773585,129,108
-1.087822758240621,1.9852853,1060,130,930,.12264151,.8773585,130,109
4.86552775567163,1.9853426,1060,987,73,.93113208,.068867922,987,110
17.99230506960998,1.9853771,1060,1051,9,.99150944,.0084905662,1051,111
.9092059391153652,1.9856099,1060,703,357,.66320753,.33679244,703,112
.9108297480718545,1.9856257,1060,704,356,.66415095,.33584905,704,113
.9231668678055168,1.9856313,1060,705,355,.66509432,.33490565,705,114
.9369066587368652,1.9858532,1060,706,354,.66603774,.33396226,706,115
.9063431099618356,1.9859086,1060,701,359,.66132075,.33867925,701,116
.9032690401643897,1.9859636,1060,700,360,.66037738,.33962265,700,117
.9067349218775672,1.9860135,1060,702,358,.66226417,.33773586,702,118
.8997210370335977,1.9860659,1060,699,361,.65943396,.34056604,699,119
.8971563722029958,1.9862746,1060,698,362,.65849054,.34150943,698,120
.8919236393082035,1.9863443,1060,695,365,.65566039,.34433961,695,121
.8873978647713151,1.9863479,1060,694,366,.65471697,.34528303,694,122
.8970252285349236,1.986352,1060,697,363,.65754718,.34245282,697,123
1.161559583515265,1.9863595,1060,755,305,.71226418,.28773585,755,124
1.165923778431371,1.9863662,1060,757,303,.71415097,.28584906,757,125
1.162443758119797,1.9863707,1060,756,304,.71320754,.28679246,756,126
.892860690159484,1.9863899,1060,696,364,.65660375,.34339622,696,127
1.137184052278885,1.9864339,1060,751,309,.70849055,.29150942,750,128
1.146717592860046,1.9864339,1060,751,309,.70849055,.29150942,751,129
1.118165344654665,1.9864599,1060,747,313,.70471698,.29528302,746,130
1.122011577877666,1.9864599,1060,747,313,.70471698,.29528302,747,131
1.115689514414606,1.9864708,1060,745,315,.7028302,.2971698,745,132
.7886358519782498,1.9864832,1060,676,384,.63773584,.36226416,676,133
1.172485742011674,1.9864987,1060,758,302,.71509433,.28490567,758,134
-.8520501754326975,1.9865053,1060,155,905,.14622642,.85377359,155,135
1.136346863904837,1.9865311,1060,750,310,.70754719,.29245284,749,136
1.126903976567656,1.9865378,1060,748,312,.7056604,.29433963,748,137
1.181582484431355,1.986539,1060,760,300,.71698111,.28301886,760,138
1.174629462636758,1.9865489,1060,759,301,.71603775,.28396225,759,139
1.156917088471583,1.9865612,1060,754,306,.71132076,.28867924,754,140
1.150726436309087,1.9865673,1060,753,307,.71037734,.28962263,753,141
1.148910142144918,1.9865763,1060,752,308,.70943397,.29056603,752,142
-.8547554870865024,1.9865845,1060,154,906,.14528301,.85471696,154,143
.7843275587231276,1.9866012,1060,675,385,.63679248,.36320755,675,144
19.05560718880209,1.9866031,1060,1053,7,.99339622,.0066037737,1052,145
19.4083908838731,1.9866031,1060,1053,7,.99339622,.0066037737,1053,146
-.872516079039522,1.9866077,1060,152,908,.14339623,.8566038,152,147
-.9237786429596475,1.986629,1060,148,912,.13962264,.86037737,148,148
-.9556309787276187,1.9866402,1060,139,921,.13113208,.86886793,139,149
-.8828861757896643,1.9866545,1060,151,909,.14245284,.85754716,151,150
-2.475309675202948,1.9866564,1060,55,1005,.051886793,.9481132,54,151
-2.426155073953585,1.9866564,1060,55,1005,.051886793,.9481132,55,152
-.8979816835612325,1.9866577,1060,150,910,.14150943,.85849059,150,153
-.8980510340466749,1.9866596,1060,149,911,.14056604,.85943395,149,154
-.9544152716358401,1.9866738,1060,140,920,.13207547,.86792451,140,155
-.8707776055943675,1.9866993,1060,153,907,.14433962,.85566038,153,156
.8317886295758642,1.986755,1060,687,373,.64811319,.35188678,687,157
-1.037099933579012,1.9867698,1060,138,922,.13018867,.8698113,137,158
-.9782178694732815,1.9867698,1060,138,922,.13018867,.8698113,138,159
-2.557721154338015,1.9867715,1060,53,1007,.050000001,.94999999,53,160
17.07232548071824,1.9868588,1060,1050,10,.99056602,.0094339624,1050,161
.7835884466437467,1.9868795,1060,674,386,.63584906,.36415094,674,162
.8185789482593312,1.9868841,1060,680,380,.64150941,.35849056,680,163
.831587841754264,1.9868978,1060,686,374,.64716983,.3528302,686,164
.8186672906673891,1.9869089,1060,681,379,.64245284,.35754716,681,165
.7820904178122954,1.9869109,1060,672,388,.63396227,.36603773,672,166
.8262971371118241,1.9869341,1060,683,377,.64433962,.35566038,683,167
.8300933825126137,1.9869354,1060,684,376,.64528304,.35471699,684,168
1.107971739427793,1.9869424,1060,744,316,.70188677,.2981132,744,169
.8210364342075164,1.9869623,1060,682,378,.6433962,.35660377,682,170
-.9318425554022212,1.9869629,1060,146,914,.13773584,.86226416,146,171
-.930561803742186,1.9869722,1060,147,913,.13867925,.86132073,147,172
-1.046476319181271,1.9869729,1060,136,924,.12830189,.87169814,135,173
.8056312644193729,1.9869747,1060,678,382,.63962263,.36037737,678,174
.8309941220012795,1.9869801,1060,685,375,.64622641,.35377359,685,175
.7822856655160544,1.9869851,1060,673,387,.63490564,.36509433,673,176
-2.566763756072238,1.9869919,1060,52,1008,.049056605,.95094341,52,177
-.2351922296233117,1.986995,1060,320,740,.3018868,.6981132,320,178
.8181720254567219,1.9870056,1060,679,381,.64056605,.35943395,679,179
.832982955379133,1.9870496,1060,688,372,.64905661,.35094339,688,180
1.051624046691485,1.9870533,1060,729,331,.68773586,.31226414,729,181
-.2452086580205312,1.9870673,1060,319,741,.3009434,.69905663,318,182
-.2451919810012433,1.9870673,1060,319,741,.3009434,.69905663,319,183
.7955066986477175,1.9870673,1060,677,383,.63867927,.36132076,677,184
1.054264763359401,1.9871057,1060,730,330,.68867922,.31132075,730,185
.8529480993989661,1.9871099,1060,689,371,.64999998,.34999999,689,186
-.2314044720942849,1.9871193,1060,322,738,.30377358,.69622642,321,187
-.2293509009853058,1.9871193,1060,322,738,.30377358,.69622642,322,188
-.9360813898682639,1.9871389,1060,144,916,.13584906,.86415094,144,189
1.08938603874011,1.9871571,1060,741,319,.69905663,.3009434,741,190
1.089560232714259,1.9871749,1060,743,317,.70094341,.29905659,742,191
1.103649885601849,1.9871749,1060,743,317,.70094341,.29905659,743,192
.8558620409651105,1.9871808,1060,690,370,.6509434,.3490566,690,193
-.9440028132630066,1.9871815,1060,142,918,.13396226,.86603773,142,194
-.9395857680731825,1.9871845,1060,143,917,.13490567,.86509436,143,195
1.058334785079953,1.9872203,1060,731,329,.68962264,.31037736,731,196
12.07751648434899,1.9872383,1060,1040,20,.98113209,.018867925,1039,197
12.20588581296908,1.9872383,1060,1040,20,.98113209,.018867925,1040,198
1.058847335841186,1.9872427,1060,733,327,.69150943,.30849057,732,199
1.061361759358293,1.9872427,1060,733,327,.69150943,.30849057,733,200
-.952258377720421,1.9872949,1060,141,919,.13301887,.86698115,141,201
1.063650710916673,1.9873018,1060,734,326,.69245285,.30754718,734,202
-.1764308249107608,1.9873031,1060,344,716,.32452831,.67547172,343,203
-.1720646449589228,1.9873031,1060,344,716,.32452831,.67547172,344,204
-.1998418143380001,1.9873121,1060,333,727,.31415093,.68584907,333,205
-.169581947529928,1.9873151,1060,345,715,.3254717,.6745283,345,206
-.1635737369589501,1.9873469,1060,346,714,.32641509,.67358488,346,207
1.070557291197803,1.9873611,1060,736,324,.69433963,.30566037,735,208
-2.579494941958778,1.9873648,1060,51,1009,.048113208,.95188677,51,209
-.8077505920904394,1.9873925,1060,168,892,.15849057,.84150946,168,210
4.840703883784262,1.9873943,1060,986,74,.93018866,.069811322,986,211
-.2561055324835141,1.9873945,1060,315,745,.2971698,.7028302,314,212
-.2522844545763625,1.9873945,1060,315,745,.2971698,.7028302,315,213
1.075544014273997,1.9873993,1060,737,323,.695283,.30471697,736,214
1.075589961739252,1.9873993,1060,737,323,.695283,.30471697,737,215
1.075801668117784,1.9874038,1060,738,322,.69622642,.30377358,738,216
-.9340559844785703,1.9874233,1060,145,915,.13679245,.86320752,145,217
4.791354477798036,1.9874345,1060,985,75,.92924529,.070754714,985,218
-.0903322927748136,1.9874377,1060,384,676,.36226416,.63773584,384,219
-.1560201912968773,1.9874409,1060,351,709,.33113208,.66886795,350,220
-.1557622968409502,1.9874409,1060,351,709,.33113208,.66886795,351,221
-.2111509743327838,1.9874533,1060,331,729,.31226414,.68773586,330,222
-.2090845140727322,1.9874533,1060,331,729,.31226414,.68773586,331,223
-.0870161752297543,1.9874557,1060,386,674,.36415094,.63584906,385,224
-.0840606159588699,1.9874557,1060,386,674,.36415094,.63584906,386,225
-.0907217105121818,1.9874605,1060,383,677,.36132076,.63867927,382,226
-.0906496505548282,1.9874605,1060,383,677,.36132076,.63867927,383,227
-.1947884936663191,1.9874669,1060,334,726,.31509435,.68490565,334,228
-.0970390837955144,1.9874756,1060,380,680,.35849056,.64150941,379,229
-.0943041307050823,1.9874756,1060,380,680,.35849056,.64150941,380,230
-.1622139270880555,1.9874907,1060,348,712,.32830188,.67169809,347,231
-.1585009412606891,1.9874907,1060,348,712,.32830188,.67169809,348,232
-.1582044956653676,1.9874996,1060,349,711,.32924527,.67075473,349,233
-2.606689466458439,1.9875013,1060,50,1010,.047169812,.9528302,49,234
-2.586328869581067,1.9875013,1060,50,1010,.047169812,.9528302,50,235
-.2278102955905194,1.9875213,1060,324,736,.30566037,.69433963,323,236
-.2212786440829787,1.9875213,1060,324,736,.30566037,.69433963,324,237
-.2120807899661429,1.9875349,1060,329,731,.31037736,.68962264,329,238
.8675822481687425,1.9875467,1060,691,369,.65188682,.34811321,691,239
-.1896320793879243,1.9875503,1060,338,722,.31886792,.68113208,338,240
-.2138572014064761,1.9875523,1060,328,732,.30943397,.69056606,328,241
-.0933570954591749,1.9875828,1060,381,679,.35943395,.64056605,381,242
-.0976199933402895,1.9875963,1060,378,682,.35660377,.6433962,378,243
-.1945855315804143,1.987608,1060,336,724,.31698114,.68301886,335,244
-.1914798263079016,1.987608,1060,336,724,.31698114,.68301886,336,245
-.1904411554525922,1.9876103,1060,337,723,.31792453,.6820755,337,246
-.8089279684068941,1.987612,1060,167,893,.15754718,.84245282,167,247
-.2498768567694847,1.9876192,1060,316,744,.2981132,.70188677,316,248
-.0751093771595288,1.9876193,1060,391,669,.36886793,.63113207,391,249
-.1554354136871197,1.9876262,1060,353,707,.33301887,.66698116,352,250
-.1536544437856806,1.9876262,1060,353,707,.33301887,.66698116,353,251
-.148473031772137,1.9876273,1060,358,702,.33773586,.66226417,357,252
-.1530518470527712,1.9876368,1060,354,706,.33396226,.66603774,354,253
-.1528680935218538,1.987653,1060,355,705,.33490565,.66509432,355,254
-.2211975777611202,1.9876652,1060,326,734,.30754718,.69245285,325,255
-.2192764461729686,1.9876652,1060,326,734,.30754718,.69245285,326,256
-.2484717878772026,1.9876696,1060,318,742,.30000001,.69999999,317,257
.872232114006231,1.9876736,1060,693,367,.65377361,.34622642,693,258
-.1501570766660853,1.9876776,1060,356,704,.33584905,.66415095,356,259
4.703647017596676,1.9877089,1060,984,76,.92830187,.071698114,984,260
-.2185642852225087,1.9877167,1060,327,733,.30849057,.69150943,327,261
-.205873162827843,1.9877222,1060,332,728,.31320754,.68679243,332,262
.8683682695619047,1.9877622,1060,692,368,.65283018,.34716982,692,263
-.1884744606407849,1.9877789,1060,339,721,.31981131,.68018866,339,264
1.080451899933857,1.9877961,1060,739,321,.69716984,.30283019,739,265
-.17753397862374,1.9878008,1060,343,717,.32358491,.67641509,342,266
-.8483464734768803,1.9878035,1060,156,904,.14716981,.85283017,156,267
1.08659985991134,1.987806,1060,740,320,.6981132,.3018868,740,268
1.69870375184781,1.9878153,1060,831,229,.78396225,.21603774,830,269
-.8153279268017618,1.9878323,1060,164,896,.15471698,.84528303,164,270
-.8482818478017687,1.9878435,1060,157,903,.14811321,.85188681,157,271
-.8452082820309246,1.9878436,1060,158,902,.1490566,.85094339,158,272
-.8060129419521719,1.9878819,1060,169,891,.15943396,.84056604,169,273
1.764130629427927,1.987887,1060,835,225,.78773582,.21226415,835,274
-.8126032126247592,1.9879044,1060,166,894,.15660377,.84339625,166,275
-.8130218591065831,1.9879186,1060,165,895,.15566038,.84433961,165,276
1.711703051533547,1.9879212,1060,832,228,.78490567,.21509434,831,277
-.8271668482859752,1.9879289,1060,161,899,.15188679,.84811318,161,278
-.8201277988081788,1.9879301,1060,162,898,.15283018,.84716982,162,279
-.8184290936138626,1.9879394,1060,163,897,.15377359,.84622639,163,280
-.8417000359986907,1.9879413,1060,160,900,.1509434,.8490566,160,281
-.1834222622757505,1.9879472,1060,341,719,.3216981,.67830187,340,282
-.1808062424705011,1.9879472,1060,341,719,.3216981,.67830187,341,283
1.746780523975592,1.9879638,1060,834,226,.78679246,.21320754,834,284
4.637649625792106,1.9879643,1060,983,77,.92735851,.072641507,983,285
-.8448451265009274,1.9879833,1060,159,901,.15000001,.85000002,159,286
1.725714474103544,1.9880116,1060,833,227,.78584903,.21415095,832,287
1.732298911999584,1.9880116,1060,833,227,.78584903,.21415095,833,288
-.0799969465385119,1.9880562,1060,390,670,.36792454,.63207549,389,289
-.0777177058916331,1.9880562,1060,390,670,.36792454,.63207549,390,290
-.0826797212589948,1.9880916,1060,389,671,.36698112,.63301885,388,291
-.14776372051846,1.988104,1060,359,701,.33867925,.66132075,358,292
-.0838655350981302,1.9881389,1060,387,673,.36509433,.63490564,387,293
1.044053101021716,1.9881495,1060,728,332,.68679243,.31320754,727,294
1.046095808783655,1.9881495,1060,728,332,.68679243,.31320754,728,295
-.1453480332980499,1.9881667,1060,360,700,.33962265,.66037738,359,296
-1.038242262534518,1.9881729,1060,137,923,.12924528,.87075472,136,297
-.1312074581702097,1.9882411,1060,362,698,.34150943,.65849054,362,298
-.1308744929451617,1.9882513,1060,363,697,.34245282,.65754718,363,299
-.0718667969927807,1.9883127,1060,393,667,.37075472,.62924528,393,300
-.1412811126989107,1.9883151,1060,361,699,.34056604,.65943396,360,301
-.1353532855908564,1.9883151,1060,361,699,.34056604,.65943396,361,302
-.0573069590300973,1.9883378,1060,397,663,.37452829,.62547171,397,303
-.0594769901096919,1.988355,1060,396,664,.3735849,.62641507,396,304
-.0732918116097828,1.9883562,1060,392,668,.36981133,.6301887,392,305
-.0599925611053147,1.9884573,1060,395,665,.3726415,.6273585,395,306
-.0634965742106228,1.98847,1060,394,666,.37169811,.62830186,394,307
1.579173946938571,1.9884917,1060,823,237,.77641511,.22358491,822,308
1.582665902281688,1.9884948,1060,824,236,.77735847,.22264151,823,309
1.592150601375928,1.9884948,1060,824,236,.77735847,.22264151,824,310
-.7066005407975559,1.9884955,1060,187,873,.1764151,.82358491,187,311
-.705472805160724,1.9885204,1060,188,872,.17735849,.82264149,188,312
-.7749085391357752,1.9885298,1060,171,889,.16132076,.83867925,171,313
1.626589347944871,1.9885304,1060,828,232,.7811321,.21886793,827,314
-.7469936241875467,1.9885353,1060,177,883,.16698113,.83301884,177,315
-.7511885904058078,1.988547,1060,176,884,.16603774,.83396226,176,316
-.7385909134344258,1.9885486,1060,180,880,.16981132,.83018869,180,317
-.7312711582262645,1.988559,1060,181,879,.17075472,.82924527,181,318
-.7095589441354352,1.988559,1060,185,875,.1745283,.8254717,185,319
-.7054265365127089,1.9885609,1060,189,871,.17830189,.82169813,189,320
-.7091708635442532,1.9885631,1060,186,874,.17547169,.82452828,186,321
1.640913792394926,1.9885644,1060,829,231,.78207546,.21792454,828,322
1.651286894127312,1.9885644,1060,829,231,.78207546,.21792454,829,323
-.7226067659552647,1.9885706,1060,182,878,.17169811,.82830191,182,324
-.7398859623328257,1.9885708,1060,179,881,.16886793,.83113205,179,325
1.033197680875219,1.9885736,1060,723,337,.6820755,.31792453,723,326
1.609692299688747,1.9885774,1060,826,234,.77924526,.22075471,825,327
1.611362620937194,1.9885774,1060,826,234,.77924526,.22075471,826,328
1.54543363804584,1.9885783,1060,819,241,.77264148,.22735849,818,329
-.1299634573589623,1.9885794,1060,364,696,.34339622,.65660375,364,330
-.719838806730201,1.988583,1060,183,877,.17264152,.82735848,183,331
-.7629631748783654,1.9885832,1060,172,888,.16226415,.83773583,172,332
1.034363477238511,1.988588,1060,724,336,.68301886,.31698114,724,333
1.005689947382185,1.9885889,1060,719,341,.67830187,.3216981,718,334
1.001671881738199,1.9885894,1060,718,342,.67735851,.32264152,717,335
-.0521502687784345,1.988595,1060,399,661,.3764151,.62358493,398,336
1.006100234716962,1.9885987,1060,720,340,.67924529,.32075471,719,337
1.007915861519973,1.9885987,1060,720,340,.67924529,.32075471,720,338
-.7440602073820867,1.9886024,1060,178,882,.16792452,.83207548,178,339
1.027521502296934,1.9886025,1060,722,338,.68113208,.31886792,721,340
1.031141840484497,1.9886025,1060,722,338,.68113208,.31886792,722,341
-.7789887531581647,1.9886036,1060,170,890,.16037735,.83962262,170,342
1.038800271118745,1.9886054,1060,726,334,.68490565,.31509435,726,343
1.0363848503076,1.9886084,1060,725,335,.68396229,.31603774,725,344
4.511677884585348,1.988618,1060,981,79,.92547172,.074528299,981,345
12.87273883847533,1.988659,1060,1042,18,.98301888,.016981132,1041,346
13.71585930413993,1.988659,1060,1042,18,.98301888,.016981132,1042,347
-.7557448759422916,1.9886802,1060,174,886,.16415094,.83584905,174,348
-.127689430430712,1.9886914,1060,365,695,.34433961,.65566039,365,349
-.7614314886517041,1.9887054,1060,173,887,.16320755,.83679247,173,350
-.2996786953698568,1.988708,1060,295,765,.27830189,.72169811,295,351
-.7556042185657821,1.9887116,1060,175,885,.16509435,.83490568,175,352
-.7169430386138642,1.9887235,1060,184,876,.17358491,.82641512,184,353
-.3101155704566851,1.9887259,1060,293,767,.27641508,.72358489,293,354
4.485784785736025,1.9887276,1060,980,80,.9245283,.075471699,980,355
-.3028548826573084,1.9887335,1060,294,766,.2773585,.72264153,294,356
1.556021275014996,1.9887543,1060,820,240,.7735849,.2264151,819,357
1.57422921247667,1.9887543,1060,820,240,.7735849,.2264151,820,358
-.2917555060633658,1.9887583,1060,299,761,.28207546,.71792454,299,359
-.0505499738097062,1.9887681,1060,400,660,.3773585,.6226415,399,360
-.0466721634917434,1.9887681,1060,400,660,.3773585,.6226415,400,361
-.2893765147594945,1.9887708,1060,300,760,.28301886,.71698111,300,362
-.3103681434070767,1.9887757,1060,292,768,.27547169,.72452831,292,363
4.635643066628332,1.9887984,1060,982,78,.92641509,.073584907,982,364
-.7008661576842417,1.9888555,1060,190,870,.17924528,.82075471,190,365
1.576459522416885,1.9888666,1060,822,238,.77547169,.2245283,821,366
-.282703649564758,1.9888797,1060,301,759,.28396225,.71603775,301,367
-.2959805902810195,1.9888859,1060,298,762,.28113207,.7188679,298,368
-.2996206881908839,1.988924,1060,297,763,.28018868,.71981132,296,369
-.2969973510892818,1.988924,1060,297,763,.28018868,.71981132,297,370
-.3287136820762805,1.9889842,1060,282,778,.26603773,.73396224,281,371
-.326030134843648,1.9889842,1060,282,778,.26603773,.73396224,282,372
-.3321895899530439,1.9890562,1060,280,780,.26415095,.73584908,280,373
-.311425415787337,1.9890825,1060,291,769,.27452829,.72547168,291,374
-.2825084526107062,1.9891458,1060,303,757,.28584906,.71415097,302,375
-.2803330666856459,1.9891458,1060,303,757,.28584906,.71415097,303,376
-.3139713763013522,1.9891516,1060,290,770,.2735849,.7264151,290,377
4.439823554515685,1.9891628,1060,979,81,.92358488,.076415092,979,378
4.31219063605081,1.9891771,1060,976,84,.92075473,.079245284,975,379
4.390618195447912,1.9891771,1060,976,84,.92075473,.079245284,976,380
4.246931717303101,1.9891773,1060,974,86,.91886795,.081132077,974,381
-.0383431433252476,1.98918,1060,403,657,.38018867,.6198113,403,382
4.417123581737767,1.9891876,1060,977,83,.92169809,.078301884,977,383
-.3233178222626429,1.9891942,1060,284,776,.26792452,.73207545,283,384
-.3230812862252094,1.9891942,1060,284,776,.26792452,.73207545,284,385
4.424428117621527,1.9892009,1060,978,82,.92264152,.077358492,978,386
-.3210848235227384,1.9892334,1060,285,775,.26886791,.73113209,285,387
-.0452491203550983,1.9892539,1060,402,658,.37924528,.62075472,401,388
-.0403161381035177,1.9892539,1060,402,658,.37924528,.62075472,402,389
-.122153917299452,1.9893153,1060,368,692,.34716982,.65283018,367,390
-.1212817481555344,1.9893153,1060,368,692,.34716982,.65283018,368,391
-.1258733348972866,1.9893211,1060,367,693,.34622642,.65377361,366,392
.7794648581236453,1.9893379,1060,670,390,.63207549,.36792454,670,393
1.196914215308161,1.9893421,1060,762,298,.7188679,.28113207,761,394
1.200597184669386,1.9893421,1060,762,298,.7188679,.28113207,762,395
.7801051255609676,1.9893546,1060,671,389,.63301885,.36698112,671,396
-.1212530988813156,1.989367,1060,370,690,.3490566,.6509434,369,397
-.1195170589709875,1.989367,1060,370,690,.3490566,.6509434,370,398
-.1189045498961857,1.9893864,1060,372,688,.35094339,.64905661,371,399
-.1110812610201074,1.9893864,1060,372,688,.35094339,.64905661,372,400
-.1109655508732212,1.9893892,1060,374,686,.3528302,.64716983,373,401
-.1059564332135376,1.9893892,1060,374,686,.3528302,.64716983,374,402
1.231250757648894,1.9893968,1060,766,294,.72264153,.2773585,765,403
1.233119720612507,1.9893968,1060,766,294,.72264153,.2773585,766,404
-.4725615890034414,1.9894142,1060,241,819,.22735849,.77264148,241,405
-.6966336351119468,1.9894207,1060,191,869,.18018869,.81981134,191,406
.7789568610125093,1.9894418,1060,669,391,.63113207,.36886793,669,407
1.233556022587396,1.9894426,1060,768,292,.72452831,.27547169,767,408
.7768312784823901,1.9894458,1060,668,392,.6301887,.36981133,668,409
-.4779839132728942,1.9894485,1060,238,822,.2245283,.77547169,237,410
-.4775316593947447,1.9894485,1060,238,822,.2245283,.77547169,238,411
.0581681095171939,1.9894611,1060,445,615,.41981131,.58018869,444,412
.0619874663776448,1.9894611,1060,445,615,.41981131,.58018869,445,413
.0472024775447931,1.9894673,1060,444,616,.41886792,.58113205,443,414
1.238427056104702,1.9894687,1060,769,291,.72547168,.27452829,768,415
1.240251390191865,1.9894687,1060,769,291,.72547168,.27452829,769,416
.0890044732525351,1.9894694,1060,455,605,.42924529,.57075471,454,417
.0902385729010518,1.9894694,1060,455,605,.42924529,.57075471,455,418
-.4765656328471011,1.9894705,1060,240,820,.2264151,.7735849,239,419
-.4762178644715879,1.9894705,1060,240,820,.2264151,.7735849,240,420
1.208706612651386,1.9894706,1060,763,297,.71981132,.28018868,763,421
-.2592645561916792,1.9895144,1060,312,748,.29433963,.7056604,312,422
-.6767362756978277,1.9895148,1060,198,862,.18679245,.81320757,198,423
-.3199345260695104,1.989519,1060,286,774,.26981133,.73018867,286,424
1.22842538144271,1.9895227,1060,764,296,.72075474,.27924529,764,425
-.2731387472817758,1.9895252,1060,307,753,.28962263,.71037734,306,426
-.2724500382883208,1.9895252,1060,307,753,.28962263,.71037734,307,427
-.2790720446471922,1.9895259,1060,305,755,.28773585,.71226418,305,428
1.541121576144366,1.989538,1060,818,242,.77169812,.22830188,817,429
.0680239951853657,1.9895409,1060,447,613,.42169812,.57830191,447,430
-.2700950945086724,1.9895488,1060,308,752,.29056603,.70943397,308,431
.0790793541744053,1.9895493,1060,450,610,.4245283,.5754717,450,432
.0816511807445583,1.9895507,1060,451,609,.42547169,.57452828,451,433
.0632875233665142,1.9895511,1060,446,614,.42075473,.57924527,446,434
.7742515131781411,1.9895514,1060,667,393,.62924528,.37075472,667,435
.0874400430421953,1.9895546,1060,452,608,.42641509,.57358491,452,436
-.261285562995366,1.9895629,1060,311,749,.29339623,.70660377,311,437
-.2613725083743351,1.9895653,1060,310,750,.29245284,.70754719,310,438
-.2699022259857645,1.9895742,1060,309,751,.29150942,.70849055,309,439
-.2802276849712702,1.9895785,1060,304,756,.28679246,.71320754,304,440
.0874742091203102,1.9895945,1060,454,606,.4283019,.57169813,453,441
.0704893393200417,1.9895991,1060,449,611,.42358491,.57641512,448,442
.0725845197642832,1.9895991,1060,449,611,.42358491,.57641512,449,443
-.6794808494975872,1.9896129,1060,196,864,.18490566,.81509435,196,444
-.6941512045450982,1.9896311,1060,192,868,.18113208,.81886792,192,445
-.6806509134193187,1.9896475,1060,195,865,.18396227,.81603771,195,446
-3.303946611576971,1.989652,1060,34,1026,.032075472,.96792454,34,447
-.6664551767790114,1.989695,1060,203,857,.19150944,.80849057,203,448
-.0379646762771515,1.9897034,1060,404,656,.38113207,.61886793,404,449
1.243931575133675,1.9897048,1060,770,290,.7264151,.2735849,770,450
-.3188728753387656,1.9897056,1060,287,773,.27075472,.72924531,287,451
1.248982051080532,1.9897113,1060,771,289,.72735852,.27264151,771,452
-.6838658843574605,1.989712,1060,194,866,.18301886,.81698114,194,453
.0281250825855857,1.9897176,1060,435,625,.41037735,.58962262,434,454
-.6758561353868183,1.9897178,1060,200,860,.18867925,.81132078,200,455
-.6719406383814491,1.9897267,1060,201,859,.18962264,.81037736,201,456
-.6790367038943249,1.9897313,1060,197,863,.18584906,.81415093,197,457
-.6761310480756422,1.9897318,1060,199,861,.18773586,.81226414,199,458
-.3175116088892176,1.9897386,1060,288,772,.27169812,.72830188,288,459
-.3167236507929772,1.9897404,1060,289,771,.27264151,.72735852,289,460
-.0355267626993287,1.989755,1060,407,653,.38396227,.61603773,406,461
-.0214710578500324,1.9897606,1060,412,648,.38867924,.61132073,412,462
-.6927698992826532,1.9897635,1060,193,867,.18207547,.8179245,193,463
-.5087585845194565,1.9897745,1060,232,828,.21886793,.7811321,232,464
.0303733712886165,1.989778,1060,436,624,.41132075,.58867925,435,465
-.2579763280089605,1.9897797,1060,313,747,.29528302,.70471698,313,466
-.5144948720308068,1.9897832,1060,228,832,.21509434,.78490567,228,467
-.512777767145821,1.9897921,1060,229,831,.21603774,.78396225,229,468
-.6665465915802371,1.9897925,1060,202,858,.19056603,.80943394,202,469
-.0364584996429587,1.9897947,1060,406,654,.38301888,.61698115,405,470
-.4894356992254162,1.9897968,1060,234,826,.22075471,.77924526,234,471
-.501586306492337,1.9898003,1060,233,827,.21981132,.78018868,233,472
-.522083216699605,1.9898083,1060,227,833,.21415095,.78584903,227,473
-.5117814040043978,1.9898133,1060,230,830,.21698113,.78301889,230,474
-.5345705646369637,1.989819,1060,226,834,.21320754,.78679246,226,475
.0433971230095009,1.9898306,1060,440,620,.41509435,.58490568,440,476
-.4872362611710048,1.9898331,1060,235,825,.22169812,.77830189,235,477
-.6086003064759471,1.9898342,1060,212,848,.2,.80000001,212,478
-.0282547885614989,1.98985,1060,410,650,.38679245,.61320752,410,479
1.266314090494137,1.9898579,1060,774,286,.73018867,.26981133,774,480
1.260545586289104,1.989864,1060,773,287,.72924531,.27075472,772,481
1.261476302886994,1.989864,1060,773,287,.72924531,.27075472,773,482
-.0283696461108069,1.9898719,1060,409,651,.38584906,.61415094,409,483
-.0237767834300718,1.9898754,1060,411,649,.38773584,.61226416,411,484
-.10306205895194,1.9898759,1060,376,684,.35471699,.64528304,375,485
-.101034569675167,1.9898759,1060,376,684,.35471699,.64528304,376,486
-.10032355649217,1.989885,1060,377,683,.35566038,.64433962,377,487
1.271207106736114,1.989886,1060,775,285,.73113209,.26886791,775,488
-.0330750163394846,1.9898872,1060,408,652,.38490567,.61509436,407,489
-.0286202883513197,1.9898872,1060,408,652,.38490567,.61509436,408,490
-.6481976949788082,1.9898955,1060,205,855,.19339623,.80660379,205,491
-.5369072449117026,1.9899005,1060,224,836,.21132076,.78867924,224,492
-.5103777163454136,1.9899021,1060,231,829,.21792454,.78207546,231,493
-.0100086091461538,1.9899023,1060,419,641,.39528301,.60471696,418,494
-.0041819662083684,1.9899023,1060,419,641,.39528301,.60471696,419,495
1.282164103006991,1.9899039,1060,778,282,.73396224,.26603773,777,496
1.283757811441356,1.9899039,1060,778,282,.73396224,.26603773,778,497
-.6482636026065659,1.9899057,1060,204,856,.19245283,.80754715,204,498
-.0131413201936117,1.9899117,1060,417,643,.39339623,.6066038,416,499
-.0117358974454926,1.9899117,1060,417,643,.39339623,.6066038,417,500
.044942665814877,1.989917,1060,442,618,.41698113,.58301884,441,501
-.6464300158822869,1.9899191,1060,206,854,.19433962,.80566037,206,502
1.280843632460666,1.9899251,1060,776,284,.73207545,.26792452,776,503
-.4851171074135467,1.9899322,1060,236,824,.22264151,.77735847,236,504
.0455581919626971,1.9899329,1060,443,617,.41792452,.58207548,442,505
.0421643995607052,1.9899403,1060,439,621,.41415095,.58584905,439,506
-.0207396075378943,1.9899549,1060,414,646,.39056605,.60943395,413,507
-.0138915641686142,1.9899622,1060,416,644,.39245284,.60754716,415,508
-.0161943656398245,1.9899766,1060,415,645,.39150944,.60849059,414,509
.0388468445703496,1.9899838,1060,438,622,.41320756,.58679247,437,510
.0402873847008731,1.9899838,1060,438,622,.41320756,.58679247,438,511
1.308137858631913,1.9899905,1060,780,280,.73584908,.26415095,779,512
1.317330176963865,1.9899905,1060,780,280,.73584908,.26415095,780,513
.0312899460911493,1.9900004,1060,437,623,.41226414,.58773583,436,514
-.610454182877992,1.9900151,1060,211,849,.19905661,.80094337,211,515
-.6145808176887707,1.990019,1060,210,850,.1981132,.8018868,210,516
-.6257306358486195,1.9900218,1060,208,852,.19622642,.80377358,208,517
-.0039307552821008,1.9900244,1060,421,639,.3971698,.60283017,420,518
-.6191605517064188,1.9900265,1060,209,851,.19716981,.80283016,209,519
-.6407620666323053,1.9900329,1060,207,853,.19528303,.804717,207,520
1.320368304425445,1.9900663,1060,783,277,.73867923,.26132074,782,521
1.330082819712737,1.9900663,1060,783,277,.73867923,.26132074,783,522
-.5372165913695214,1.99007,1060,223,837,.21037737,.78962266,223,523
-.5590164896208849,1.9900702,1060,222,838,.20943396,.79056603,222,524
-.5357111886892244,1.9900725,1060,225,835,.21226415,.78773582,225,525
-3.300884981765599,1.9900742,1060,35,1025,.033018868,.96698111,35,526
-3.374572474868171,1.9900823,1060,33,1027,.031132076,.9688679,33,527
.090780878387679,1.9901099,1060,457,603,.43113208,.56886792,456,528
.0917217756068273,1.9901099,1060,457,603,.43113208,.56886792,457,529
.0922890921219621,1.9901214,1060,458,602,.43207547,.5679245,458,530
-.0031925946066119,1.9901606,1060,422,638,.39811322,.60188681,421,531
1.348830326091591,1.9901866,1060,786,274,.74150944,.25849056,785,532
1.357623053345146,1.9901866,1060,786,274,.74150944,.25849056,786,533
1.345532805315048,1.9902076,1060,784,276,.73962265,.26037735,784,534
1.528218005390967,1.9902272,1060,815,245,.76886791,.23113208,814,535
.0271642163670511,1.9902537,1060,433,627,.40849057,.59150946,433,536
.0235008472990652,1.9902675,1060,432,628,.40754718,.59245282,432,537
1.519722382040001,1.9902738,1060,813,247,.76698112,.23301888,812,538
1.525806291336631,1.9902738,1060,813,247,.76698112,.23301888,813,539
.0206698566624764,1.9902836,1060,431,629,.40660378,.59339625,431,540
1.833143274273792,1.9902918,1060,840,220,.79245281,.20754717,840,541
.0148813983949142,1.9902991,1060,430,630,.40566039,.59433961,429,542
.0188319747993496,1.9902991,1060,430,630,.40566039,.59433961,430,543
1.320046439066185,1.9903125,1060,782,278,.73773587,.26226416,781,544
1.855385607837378,1.9903152,1060,843,217,.79528302,.20471698,843,545
1.781246723265506,1.9903324,1060,839,221,.79150945,.20849057,839,546
1.841301186243017,1.9903361,1060,841,219,.79339623,.20660378,841,547
1.853545044412535,1.9903383,1060,842,218,.7943396,.20566037,842,548
1.872823996250193,1.9903458,1060,844,216,.79622644,.20377359,844,549
-.3598139820579596,1.990356,1060,272,788,.25660378,.74339622,272,550
1.882259307739263,1.9903561,1060,845,215,.7971698,.2028302,845,551
-.5613210074590458,1.9903644,1060,221,839,.20849057,.79150945,221,552
-.3652332352214449,1.9903836,1060,271,789,.25566038,.74433964,271,553
-.3427920923691685,1.9903898,1060,276,784,.26037735,.73962265,276,554
1.777721963348635,1.9903942,1060,838,222,.79056603,.20943396,837,555
1.778034281947906,1.9903942,1060,838,222,.79056603,.20943396,838,556
1.533074656050712,1.9903946,1060,816,244,.76981133,.23018868,815,557
1.539918558143426,1.9903946,1060,816,244,.76981133,.23018868,816,558
-.5822392088711985,1.9903972,1060,215,845,.2028302,.7971698,215,559
1.772790231762116,1.9904128,1060,836,224,.78867924,.21132076,836,560
-.5660123613889464,1.9904147,1060,219,841,.20660378,.79339623,219,561
-.5697433863693986,1.9904182,1060,218,842,.20566037,.7943396,218,562
-3.287101548657557,1.9904323,1060,36,1024,.033962265,.96603775,36,563
-.5653542750648022,1.9904323,1060,220,840,.20754717,.79245281,220,564
-.5776862924411538,1.9904387,1060,216,844,.20377359,.79622644,216,565
-.4269382591019798,1.9904408,1060,256,804,.24150944,.75849056,256,566
.0119326591187815,1.9904529,1060,428,632,.40377358,.59622639,428,567
.0029056509621601,1.9904546,1060,427,633,.40283018,.59716982,426,568
.0042352700909575,1.9904546,1060,427,633,.40283018,.59716982,427,569
-.6024054927764931,1.9904613,1060,213,847,.2009434,.79905659,213,570
-.5716266549505332,1.9904675,1060,217,843,.20471698,.79528302,217,571
-.3760523457044067,1.9904681,1060,268,792,.25283018,.74716979,268,572
-.366051056415184,1.9904685,1060,270,790,.25471699,.74528301,270,573
-.6002922786149723,1.9904749,1060,214,846,.20188679,.79811323,214,574
-.3462409889862949,1.990476,1060,274,786,.25849056,.74150944,274,575
1.912874512597795,1.9904784,1060,847,213,.79905659,.2009434,846,576
1.916426364995225,1.9904784,1060,847,213,.79905659,.2009434,847,577
-.3455658678387325,1.9904824,1060,275,785,.25943395,.74056602,275,578
-.3693461403499042,1.990483,1060,269,791,.25377357,.74622643,269,579
-.3585227005661341,1.9904846,1060,273,787,.25754717,.74245286,273,580
-.3384355765354317,1.9904917,1060,278,782,.26226416,.73773587,278,581
6.245582395470103,1.9904937,1060,1004,56,.94716984,.052830189,1004,582
-.3374311967812914,1.9904951,1060,279,781,.26320755,.73679245,279,583
-.4200353802083122,1.9904988,1060,258,802,.24339622,.75660378,258,584
-.4120857166078662,1.9905087,1060,260,800,.24528302,.75471699,259,585
-.4245379164840512,1.9905196,1060,257,803,.24245283,.75754714,257,586
-.4048716235073724,1.9905376,1060,262,798,.24716981,.75283021,261,587
-.4040420305033276,1.9905376,1060,262,798,.24716981,.75283021,262,588
-3.145756335068042,1.9905444,1060,39,1021,.036792453,.96320754,39,589
1.519484887833904,1.9905596,1060,811,249,.76509434,.23490566,811,590
-.4685492982474033,1.9905715,1060,242,818,.22830188,.77169812,242,591
-.3402400626662128,1.9905947,1060,277,783,.26132074,.73867923,277,592
-.4653045025400108,1.9905977,1060,244,816,.23018868,.76981133,244,593
-3.442799410667142,1.9905996,1060,32,1028,.03018868,.96981132,31,594
-3.419117937842476,1.9905996,1060,32,1028,.03018868,.96981132,32,595
-.4093840003899902,1.9906015,1060,261,799,.24622642,.75377357,260,596
1.506788170986452,1.990626,1060,810,250,.76415092,.23584905,810,597
-.4452884684767887,1.9906344,1060,251,809,.23679246,.76320755,251,598
-.4427163626683062,1.9906391,1060,252,808,.23773585,.76226413,252,599
-.4378393447610756,1.9906478,1060,253,807,.23867925,.76132077,253,600
-.4667167674008083,1.9906758,1060,243,817,.22924529,.77075469,243,601
-.4588254464805053,1.9906814,1060,248,812,.23396227,.76603776,247,602
-.4586284780004141,1.9906814,1060,248,812,.23396227,.76603776,248,603
-3.24390635691258,1.9906871,1060,37,1023,.034905661,.96509433,37,604
-.4361880756131229,1.9907027,1060,255,805,.24056605,.75943398,254,605
-.4316317170305421,1.9907027,1060,255,805,.24056605,.75943398,255,606
-.3844735527066482,1.9907141,1060,267,793,.25188679,.74811321,266,607
-.3822606019586907,1.9907141,1060,267,793,.25188679,.74811321,267,608
.0020727284498213,1.9907315,1060,426,634,.40188679,.59811318,425,609
-3.104769001867821,1.9907366,1060,40,1020,.03773585,.96226418,40,610
-.4617563474020145,1.9907467,1060,245,815,.23113208,.76886791,245,611
1.367689602025823,1.9907482,1060,789,271,.74433964,.25566038,789,612
-.4584011163550716,1.9907486,1060,250,810,.23584905,.76415092,249,613
-.4552337846098137,1.9907486,1060,250,810,.23584905,.76415092,250,614
-.3878469165932549,1.9907609,1060,265,795,.25,.75,265,615
-.3974223667742829,1.9907644,1060,264,796,.24905661,.75094342,263,616
-.3913482309708781,1.9907644,1060,264,796,.24905661,.75094342,264,617
-.4600554772470508,1.9907646,1060,246,814,.23207547,.76792455,246,618
1.392988611619026,1.9907718,1060,794,266,.74905658,.25094339,793,619
1.39618940261824,1.9907718,1060,794,266,.74905658,.25094339,794,620
1.49218275903429,1.9907743,1060,809,251,.76320755,.23679246,809,621
1.414519367779004,1.9907984,1060,795,265,.75,.25,795,622
1.360626565399072,1.9908103,1060,788,272,.74339622,.25660378,787,623
1.366486544072637,1.9908103,1060,788,272,.74339622,.25660378,788,624
1.390558408327984,1.9908499,1060,792,268,.74716979,.25283018,792,625
1.414728531729468,1.9908612,1060,796,264,.75094342,.24905661,796,626
1.478733794221917,1.9908826,1060,806,254,.76037735,.23962264,806,627
1.483076808433351,1.9908831,1060,807,253,.76132077,.23867925,807,628
1.462446533469403,1.9908913,1060,805,255,.75943398,.24056605,805,629
1.441835540919102,1.9909093,1060,803,257,.75754714,.24245283,803,630
1.425472440700625,1.9909216,1060,799,261,.75377357,.24622642,798,631
1.435228303150016,1.9909216,1060,799,261,.75377357,.24622642,799,632
1.418420668803593,1.9909248,1060,798,262,.75283021,.24716981,797,633
1.488078777176104,1.9909339,1060,808,252,.76226413,.23773585,808,634
5.995809421554136,1.990941,1060,1001,59,.94433963,.055660378,1001,635
1.372693203452499,1.9909439,1060,790,270,.74528301,.25471699,790,636
1.382191550209736,1.990944,1060,791,269,.74622643,.25377357,791,637
1.439189118734345,1.9909456,1060,801,259,.75566036,.24433963,800,638
1.439626729722203,1.9909456,1060,801,259,.75566036,.24433963,801,639
1.45949811583876,1.9909468,1060,804,256,.75849056,.24150944,804,640
1.440434191094482,1.9909511,1060,802,258,.75660378,.24339622,802,641
-3.193457296637181,1.9909574,1060,38,1022,.035849057,.96415097,38,642
2.742604714867994,1.9910017,1060,906,154,.85471696,.14528301,906,643
2.721393243729025,1.9910123,1060,905,155,.85377359,.14622642,905,644
2.797396946389549,1.9910272,1060,909,151,.85754716,.14245284,909,645
-.0003779790629265,1.9910319,1060,424,636,.40000001,.60000002,423,646
.0020344481120931,1.9910319,1060,424,636,.40000001,.60000002,424,647
2.765639405210036,1.9910386,1060,908,152,.8566038,.14339623,908,648
2.806691812889925,1.9910438,1060,910,150,.85849059,.14150943,910,649
2.755626689186505,1.9910451,1060,907,153,.85566038,.14433962,907,650
14.79293713967006,1.9910582,1060,1046,14,.98679245,.013207547,1046,651
6.105010703168969,1.9910628,1060,1002,58,.945283,.054716982,1002,652
6.137322180933954,1.9910766,1060,1003,57,.94622642,.053773586,1003,653
-3.075535784284039,1.9910889,1060,41,1019,.038679246,.96132076,41,654
2.853041922557594,1.9911034,1060,911,149,.85943395,.14056604,911,655
-.0008527769400624,1.9911078,1060,423,637,.39905661,.60094339,422,656
2.073066560616405,1.9911568,1060,863,197,.81415093,.18584906,862,657
2.087012562378612,1.9911586,1060,864,196,.81509435,.18490566,863,658
2.115325902454444,1.9911586,1060,864,196,.81509435,.18490566,864,659
2.708149379041917,1.9911855,1060,904,156,.85283017,.14716981,904,660
2.118087108152097,1.9911917,1060,866,194,.81698114,.18301886,865,661
13.86316507499321,1.9912009,1060,1044,16,.98490566,.01509434,1043,662
4.173805745667058,1.9912179,1060,973,87,.91792452,.082075469,973,663
14.35761093566108,1.9912291,1060,1045,15,.98584908,.014150944,1044,664
14.39596848749136,1.9912291,1060,1045,15,.98584908,.014150944,1045,665
1.949576250055147,1.9912297,1060,852,208,.80377358,.19622642,852,666
2.138548924679502,1.9912747,1060,869,191,.81981134,.18018869,868,667
2.668262977220149,1.9912922,1060,903,157,.85188681,.14811321,902,668
2.671660723176031,1.9912922,1060,903,157,.85188681,.14811321,903,669
2.118676448400854,1.991313,1060,867,193,.8179245,.18207547,866,670
2.137778882802465,1.991313,1060,867,193,.8179245,.18207547,867,671
2.009873762370779,1.9913212,1060,858,202,.80943394,.19056603,857,672
2.017768459220983,1.9913212,1060,858,202,.80943394,.19056603,858,673
16.23041468817391,1.9913466,1060,1048,12,.98867923,.011320755,1047,674
16.32737314026356,1.9913466,1060,1048,12,.98867923,.011320755,1048,675
1.970479679983851,1.9913597,1060,854,206,.80566037,.19433962,853,676
1.978255866064771,1.9913597,1060,854,206,.80566037,.19433962,854,677
2.148493880314076,1.9913704,1060,870,190,.82075471,.17924528,869,678
2.157463056501889,1.9913704,1060,870,190,.82075471,.17924528,870,679
2.029559666114488,1.9913849,1060,859,201,.81037736,.18962264,859,680
1.98579581954446,1.991401,1060,857,203,.80849057,.19150944,856,681
1.982630903238657,1.9914016,1060,856,204,.80754715,.19245283,855,682
2.289231149385843,1.9914721,1060,883,177,.83301884,.16698113,883,683
2.071996330909462,1.9914733,1060,861,199,.81226414,.18773586,861,684
2.033890260162729,1.9914773,1060,860,200,.81132078,.18867925,860,685
2.251084972077247,1.9915043,1060,879,181,.82924527,.17075472,879,686
2.265973678898722,1.9915274,1060,880,180,.83018869,.16981132,880,687
16.91104387940784,1.9915339,1060,1049,11,.98962265,.010377359,1049,688
2.266346221043897,1.9915404,1060,881,179,.83113205,.16886793,881,689
2.210895991416291,1.9915432,1060,874,186,.82452828,.17547169,873,690
2.22511844558958,1.9915432,1060,874,186,.82452828,.17547169,874,691
2.28078255914598,1.9915483,1060,882,178,.83207548,.16792452,882,692
1.936915869521146,1.9915553,1060,850,210,.8018868,.1981132,850,693
1.933886828561651,1.9915786,1060,849,211,.80094337,.19905661,849,694
2.206713821506141,1.9915894,1060,872,188,.82264149,.17735849,871,695
2.208439300209092,1.9915894,1060,872,188,.82264149,.17735849,872,696
2.866902670126069,1.9915981,1060,913,147,.86132073,.13867925,913,697
2.856774896040156,1.9916019,1060,912,148,.86037737,.13962264,912,698
-2.92271382335192,1.9916329,1060,44,1016,.041509435,.95849055,43,699
-2.909799553781884,1.9916329,1060,44,1016,.041509435,.95849055,44,700
4.166978108550519,1.991639,1060,972,88,.91698116,.083018869,972,701
4.160149559448314,1.9916434,1060,971,89,.91603774,.083962262,971,702
2.547463232443933,1.9916457,1060,893,167,.84245282,.15754718,893,703
2.487596868686673,1.9916474,1060,892,168,.84150946,.15849057,891,704
2.49045038566707,1.9916474,1060,892,168,.84150946,.15849057,892,705
3.053561729722277,1.9916613,1060,919,141,.86698115,.13301887,919,706
2.233821846217017,1.9916685,1060,877,183,.82735848,.17264152,876,707
2.245817319679269,1.9916685,1060,877,183,.82735848,.17264152,877,708
2.879950707806585,1.9916754,1060,914,146,.86226416,.13773584,914,709
2.230537660845198,1.9916805,1060,876,184,.82641512,.17358491,875,710
3.080008247387068,1.9916854,1060,922,138,.8698113,.13018867,922,711
3.062572233688144,1.9916964,1060,920,140,.86792451,.13207547,920,712
2.247673748712387,1.9916966,1060,878,182,.82830191,.17169811,878,713
3.069283328186341,1.9917073,1060,921,139,.86886793,.13113208,921,714
2.29079514987758,1.9917226,1060,884,176,.83396226,.16603774,884,715
1.941447607859804,1.9917248,1060,851,209,.80283016,.19716981,851,716
2.349490187145496,1.9917465,1060,885,175,.83490568,.16509435,885,717
3.889030516297394,1.991748,1060,963,97,.90849054,.091509432,963,718
2.452258951667352,1.9917501,1060,887,173,.83679247,.16320755,886,719
2.456723938020338,1.9917501,1060,887,173,.83679247,.16320755,887,720
3.971676029206467,1.9917706,1060,964,96,.90943396,.090566039,964,721
3.8628592988061,1.9917873,1060,961,99,.90660375,.093396224,960,722
2.881045023257491,1.9918003,1060,915,145,.86320752,.13679245,915,723
3.010527281530832,1.9918019,1060,918,142,.86603773,.13396226,917,724
3.022939031508681,1.9918019,1060,918,142,.86603773,.13396226,918,725
2.472706547326668,1.9918102,1060,889,171,.83867925,.16132076,888,726
2.483897026086579,1.9918102,1060,889,171,.83867925,.16132076,889,727
2.487230091977506,1.9918269,1060,890,170,.83962262,.16037735,890,728
-3.031293076756562,1.9918487,1060,42,1018,.039622642,.96037734,42,729
4.126881232652838,1.9918569,1060,970,90,.91509432,.084905662,970,730
3.878438529100892,1.9918693,1060,962,98,.90754718,.092452832,961,731
3.883422044029769,1.9918693,1060,962,98,.90754718,.092452832,962,732
2.909823493315003,1.9918715,1060,916,144,.86415094,.13584906,916,733
-5.861545167308472,1.9918778,1060,9,1051,.0084905662,.99150944,9,734
-5.596890626520794,1.9919552,1060,10,1050,.0094339624,.99056602,10,735
2.597138377990968,1.991972,1060,897,163,.84622639,.15377359,897,736
4.002073207462995,1.9919794,1060,967,93,.91226417,.087735847,967,737
3.082438676369807,1.9919841,1060,924,136,.87169814,.12830189,923,738
3.083667926999775,1.9919841,1060,924,136,.87169814,.12830189,924,739
2.600188610468643,1.9919853,1060,898,162,.84716982,.15283018,898,740
3.130806854610523,1.9920005,1060,927,133,.87452829,.1254717,926,741
3.110229580401421,1.9920033,1060,926,134,.87358493,.12641509,925,742
2.572728857997584,1.992027,1060,895,165,.84433961,.15566038,894,743
2.584588899979206,1.992027,1060,895,165,.84433961,.15566038,895,744
2.5869750848176,1.9920275,1060,896,164,.84528303,.15471698,896,745
3.980805843939802,1.9920628,1060,966,94,.91132075,.088679247,965,746
3.981129484991716,1.9920628,1060,966,94,.91132075,.088679247,966,747
4.031036585378613,1.9921032,1060,968,92,.91320753,.086792454,968,748
1.924612593439135,1.9921077,1060,848,212,.80000001,.2,848,749
2.652005091652614,1.992134,1060,901,159,.85000002,.15000001,901,750
3.146175156089801,1.9921368,1060,928,132,.87547171,.1245283,927,751
4.1089107345847,1.9921637,1060,969,91,.91415095,.085849054,969,752
3.377985389265088,1.9921725,1060,936,124,.88301885,.11698113,936,753
2.614268085729477,1.9921932,1060,899,161,.84811318,.15188679,899,754
2.64252188556926,1.9922123,1060,900,160,.8490566,.1509434,900,755
5.720040021129202,1.9922233,1060,1000,60,.94339621,.056603774,999,756
5.810009351761844,1.9922233,1060,1000,60,.94339621,.056603774,1000,757
3.403956075590187,1.9922471,1060,937,123,.88396227,.11603773,937,758
3.668150862899966,1.9922482,1060,949,111,.89528304,.10471698,949,759
3.223509714393219,1.9922521,1060,929,131,.87641507,.1235849,928,760
3.230416734240034,1.9922521,1060,929,131,.87641507,.1235849,929,761
3.280144117638761,1.9922569,1060,930,130,.8773585,.12264151,930,762
3.676996311101084,1.9922916,1060,952,108,.89811319,.10188679,952,763
3.346663476894057,1.9923089,1060,933,127,.8801887,.11981132,933,764
3.344895682317712,1.9923099,1060,932,128,.87924528,.12075472,932,765
3.292198542138273,1.9923207,1060,931,129,.87830186,.12169811,931,766
.7691001399212306,1.9923213,1060,665,395,.6273585,.3726415,665,767
3.364912792762594,1.9923263,1060,935,125,.88207549,.11792453,935,768
.770422603582324,1.9923283,1060,666,394,.62830186,.37169811,666,769
3.354927072115754,1.9923283,1060,934,126,.88113207,.11886793,934,770
.7609275076104118,1.9923291,1060,664,396,.62641507,.3735849,664,771
5.683133711337995,1.9923762,1060,998,62,.94150943,.058490567,998,772
3.674509790567544,1.9924259,1060,950,110,.89622641,.10377359,950,773
3.675409821658113,1.9924294,1060,951,109,.89716983,.10283019,951,774
.7206076447859,1.9924719,1060,654,406,.61698115,.38301888,654,775
.7078585983842913,1.9924872,1060,652,408,.61509436,.38490567,652,776
.7107093065009658,1.992512,1060,653,407,.61603773,.38396227,653,777
.7503209327665833,1.9925824,1060,662,398,.62452829,.37547171,662,778
-19.19639012302325,1.9925849,1060,1,1059,.00094339624,.99905658,1,779
.7230457923964106,1.9926248,1060,655,405,.61792451,.38207546,655,780
.7592893455030153,1.9926257,1060,663,397,.62547171,.37452829,663,781
.7497515751655307,1.9926493,1060,661,399,.62358493,.3764151,661,782
.7297914917810422,1.9926735,1060,657,403,.6198113,.38018867,657,783
.7268352328339015,1.9926744,1060,656,404,.61886793,.38113207,656,784
.7448687713675964,1.9927416,1060,658,402,.62075472,.37924528,658,785
.7479308336181945,1.9927599,1060,660,400,.6226415,.3773585,660,786
.7462969269457003,1.9927683,1060,659,401,.62169814,.37830189,659,787
3.589589863005195,1.9928579,1060,946,114,.89245284,.10754717,945,788
3.641706320962097,1.9928579,1060,946,114,.89245284,.10754717,946,789
10.95549038917886,1.9928613,1060,1033,27,.97452831,.025471698,1032,790
11.15432082185969,1.9928613,1060,1033,27,.97452831,.025471698,1033,791
3.749606337465544,1.9928769,1060,955,105,.9009434,.099056602,955,792
-3.694596605115724,1.9929184,1060,28,1032,.026415095,.97358489,27,793
-3.668901315177277,1.9929184,1060,28,1032,.026415095,.97358489,28,794
-3.586386571115972,1.9929196,1060,29,1031,.027358491,.97264153,29,795
11.74719591519257,1.9929219,1060,1037,23,.97830188,.021698114,1037,796
-3.716876472867401,1.9929419,1060,27,1033,.025471698,.97452831,26,797
3.745921236058046,1.9929428,1060,954,106,.89999998,.1,954,798
-5.135275238498377,1.9929461,1060,12,1048,.011320755,.98867923,12,799
-3.579749613779495,1.9929794,1060,31,1029,.029245283,.97075474,30,800
3.738816623890624,1.9929935,1060,953,107,.89905661,.10094339,953,801
3.644636540739515,1.993018,1060,948,112,.89433962,.10566038,947,802
3.66779798711936,1.993018,1060,948,112,.89433962,.10566038,948,803
.0975446659925422,1.9930613,1060,463,597,.43679246,.56320757,463,804
-5.359602650624942,1.9931009,1060,11,1049,.010377359,.98962265,11,805
.0923851264736516,1.9931083,1060,459,601,.43301886,.56698114,459,806
11.35407165930641,1.9931093,1060,1036,24,.97735852,.02264151,1035,807
11.39043185921088,1.9931093,1060,1036,24,.97735852,.02264151,1036,808
.0928168369684854,1.9931141,1060,461,599,.43490565,.56509435,460,809
.0932151803381397,1.9931141,1060,461,599,.43490565,.56509435,461,810
.0973962642935801,1.9931194,1060,462,598,.43584907,.56415093,462,811
3.835900216219375,1.9931693,1060,959,101,.90471697,.095283017,959,812
3.765977502987594,1.9931756,1060,957,103,.90283018,.097169809,956,813
3.780353785786856,1.9931756,1060,957,103,.90283018,.097169809,957,814
3.833151776811127,1.9931933,1060,958,102,.90377361,.096226417,958,815
-4.813216266451175,1.9932685,1060,13,1047,.012264151,.98773587,13,816
.1670666716674747,1.993269,1060,490,570,.46226415,.53773582,490,817
.1665501963949266,1.9932809,1060,489,571,.46132076,.53867924,489,818
.1676372555465485,1.9932909,1060,492,568,.46415094,.53584903,491,819
.1693978507572423,1.9932909,1060,492,568,.46415094,.53584903,492,820
.1453540631940881,1.9933201,1060,486,574,.45849058,.54150945,485,821
.1498419998104311,1.9933201,1060,486,574,.45849058,.54150945,486,822
.1541418214540727,1.9933474,1060,488,572,.46037737,.53962266,487,823
.1556245564558762,1.9933474,1060,488,572,.46037737,.53962266,488,824
.3543057837222898,1.9933654,1060,551,509,.51981133,.48018867,551,825
6.37280855187974,1.9933807,1060,1005,55,.9481132,.051886793,1005,826
.3578471880598383,1.993404,1060,552,508,.52075469,.47924528,552,827
12.05081155464958,1.9934283,1060,1038,22,.97924531,.020754717,1038,828
.2890138993630321,1.9934318,1060,535,525,.50471699,.49528301,534,829
.3264638123676133,1.9934329,1060,546,514,.51509434,.48490566,546,830
-13.55034086019198,1.9934391,1060,4,1056,.003773585,.99622643,3,831
-10.23141621592624,1.9934391,1060,4,1056,.003773585,.99622643,4,832
.2869360371348254,1.993444,1060,534,526,.50377357,.49622643,533,833
.1903688029480008,1.9934462,1060,499,561,.47075471,.52924526,498,834
.1922102060524826,1.9934462,1060,499,561,.47075471,.52924526,499,835
.3493030095645264,1.9934475,1060,550,510,.51886791,.48113209,549,836
.3495680896399796,1.9934475,1060,550,510,.51886791,.48113209,550,837
.3317901176707421,1.9934508,1060,547,513,.51603776,.48396227,547,838
.3048214565406082,1.9934558,1060,537,523,.50660378,.49339622,536,839
.3078074048964788,1.9934558,1060,537,523,.50660378,.49339622,537,840
.3089716030001355,1.9934558,1060,538,522,.50754714,.49245283,538,841
.3600995117581036,1.9934627,1060,554,506,.52264148,.47735849,553,842
.3649534743654142,1.9934627,1060,554,506,.52264148,.47735849,554,843
.3371779136949395,1.9934675,1060,548,512,.51698112,.48301888,548,844
.3254679992330176,1.993469,1060,544,516,.51320755,.48679245,544,845
.3255828823953888,1.9934716,1060,545,515,.51415092,.48584905,545,846
.2764279366890952,1.9934723,1060,532,528,.50188679,.49811321,531,847
.2766881396745512,1.9934723,1060,532,528,.50188679,.49811321,532,848
.3184441345471398,1.993479,1060,539,521,.50849056,.49150944,539,849
.2973060504345331,1.9934886,1060,536,524,.50566036,.49433962,535,850
.4852205128401493,1.9934932,1060,593,467,.55943394,.44056603,593,851
.4839415477528295,1.9934945,1060,592,468,.55849057,.44150943,592,852
.1870468596719555,1.9934965,1060,497,563,.46886793,.5311321,496,853
.1879103426157574,1.9934965,1060,497,563,.46886793,.5311321,497,854
.4861384689856162,1.9934993,1060,594,466,.56037736,.43962264,594,855
.1770134581764942,1.9935,1060,494,566,.46603775,.53396225,493,856
.1772378725101473,1.9935,1060,494,566,.46603775,.53396225,494,857
.1825498504874562,1.9935247,1060,495,565,.46698114,.53301889,495,858
.3199584308907013,1.9935266,1060,541,519,.51037735,.48962265,540,859
.3216996346679959,1.9935266,1060,541,519,.51037735,.48962265,541,860
.4921437769056693,1.9935303,1060,595,465,.56132078,.43867925,595,861
.1254144494338583,1.9935315,1060,479,581,.4518868,.54811323,479,862
.1253026641277543,1.9935316,1060,478,582,.45094341,.54905659,478,863
.1413308372921789,1.9935389,1060,484,576,.45660377,.54339623,483,864
.1448295133900888,1.9935389,1060,484,576,.45660377,.54339623,484,865
.2723151757436378,1.9935402,1060,530,530,.5,.5,530,866
.1224981496387848,1.9935462,1060,476,584,.4490566,.55094337,476,867
.123219602482288,1.9935485,1060,477,583,.44999999,.55000001,477,868
.3220548283965281,1.9935598,1060,542,518,.51132077,.48867926,542,869
.3223393387759217,1.9935602,1060,543,517,.51226413,.48773584,543,870
.2684277952117412,1.9935651,1060,529,531,.49905661,.50094342,529,871
.4796661953402745,1.9935732,1060,590,470,.55660379,.44339624,590,872
-3.83291417844963,1.9935774,1060,25,1035,.023584906,.9764151,24,873
-3.795246453550162,1.9935774,1060,25,1035,.023584906,.9764151,25,874
.4805222553336418,1.9935774,1060,591,469,.55754715,.44245282,591,875
.1289809010687113,1.9935812,1060,482,578,.45471698,.54528302,481,876
.1382868017359979,1.9935812,1060,482,578,.45471698,.54528302,482,877
.1287727272522116,1.9935814,1060,481,579,.45377359,.54622644,480,878
.3667711269609876,1.993582,1060,556,504,.52452832,.47547171,555,879
.3667919653363197,1.993582,1060,556,504,.52452832,.47547171,556,880
.4740018515820968,1.9935834,1060,589,471,.55566037,.44433963,589,881
.1004169403273461,1.9935948,1060,465,595,.43867925,.56132078,464,882
.1035222522033628,1.9935995,1060,466,594,.43962264,.56037736,465,883
.1071956605551487,1.9935995,1060,466,594,.43962264,.56037736,466,884
.1075389874005837,1.9935998,1060,467,593,.44056603,.55943394,467,885
6.41247756366536,1.9936099,1060,1007,53,.94999999,.050000001,1007,886
.4724967195103357,1.9936117,1060,588,472,.554717,.44528303,587,887
.4725564495733683,1.9936117,1060,588,472,.554717,.44528303,588,888
.3683149559548863,1.9936287,1060,558,502,.52641511,.47358492,558,889
.367774580534133,1.9936295,1060,557,503,.52547169,.47452831,557,890
.4588255087111816,1.9936461,1060,580,480,.5471698,.4528302,580,891
.3683664851861332,1.9936467,1060,559,501,.52735847,.4726415,559,892
.4611573835317988,1.9936494,1060,581,479,.54811323,.4518868,581,893
.4613783917343405,1.9936517,1060,582,478,.54905659,.45094341,582,894
.527698140127593,1.9936539,1060,604,456,.56981134,.43018869,604,895
.1099817476558024,1.9936548,1060,469,591,.44245282,.55754715,468,896
.1106318982198677,1.9936548,1060,469,591,.44245282,.55754715,469,897
.4217196035491743,1.993659,1060,572,488,.53962266,.46037737,571,898
.4274172983582771,1.993659,1060,572,488,.53962266,.46037737,572,899
.5113123164461363,1.9936596,1060,603,457,.56886792,.43113208,603,900
.4697070818329938,1.9936613,1060,585,475,.5518868,.4481132,585,901
.4708976581056116,1.9936622,1060,586,474,.55283016,.44716981,586,902
.4365748876005009,1.9936627,1060,575,485,.54245281,.45754716,575,903
.468734531431856,1.9936628,1060,584,476,.55094337,.4490566,584,904
.4288547083044066,1.9936631,1060,573,487,.54056603,.45943397,573,905
.4348033345687209,1.9936633,1060,574,486,.54150945,.45849058,574,906
11.25749403404493,1.9936637,1060,1034,26,.97547168,.024528302,1034,907
.1945212527469716,1.9936638,1060,501,559,.4726415,.52735847,500,908
.1945527727957189,1.9936638,1060,501,559,.4726415,.52735847,501,909
.1124950532783268,1.9936733,1060,470,590,.44339624,.55660379,470,910
3.417583993042452,1.9936738,1060,938,122,.88490564,.11509434,938,911
3.573532026390468,1.993675,1060,944,116,.89056605,.10943396,944,912
-4.670477290963388,1.9936769,1060,15,1045,.014150944,.98584908,14,913
-4.6061032065625,1.9936769,1060,15,1045,.014150944,.98584908,15,914
.4633612427939471,1.9936793,1060,583,477,.55000001,.44999999,583,915
.454598992304672,1.9936844,1060,577,483,.5443396,.45566037,577,916
.1947917403475887,1.9936854,1060,503,557,.47452831,.52547169,502,917
.1977159962802994,1.9936863,1060,504,556,.47547171,.52452832,503,918
.2032932717841549,1.9936863,1060,504,556,.47547171,.52452832,504,919
.4973467961996874,1.9936882,1060,597,463,.56320757,.43679246,596,920
.4989618771998074,1.9936882,1060,597,463,.56320757,.43679246,597,921
.2554177828933079,1.9936887,1060,528,532,.49811321,.50188679,527,922
.2608863244393671,1.9936887,1060,528,532,.49811321,.50188679,528,923
.375088359741297,1.9936938,1060,563,497,.5311321,.46886793,562,924
.3783103623492803,1.9936938,1060,563,497,.5311321,.46886793,563,925
.4579091373865876,1.9936951,1060,579,481,.54622644,.45377359,578,926
.4583556570734521,1.9936951,1060,579,481,.54622644,.45377359,579,927
.3789483844169949,1.9936999,1060,565,495,.53301889,.46698114,564,928
.3876895199125018,1.9936999,1060,565,495,.53301889,.46698114,565,929
.4534914138768051,1.9937047,1060,576,484,.54339623,.45660377,576,930
3.469331314874593,1.993708,1060,941,119,.88773584,.11226415,940,931
6.375113944781144,1.9937091,1060,1006,54,.94905663,.050943397,1006,932
.3687485781196585,1.9937139,1060,560,500,.52830189,.47169811,560,933
.3951195760234368,1.993716,1060,566,494,.53396225,.46603775,566,934
6.613627398152365,1.993717,1060,1008,52,.95094341,.049056605,1008,935
.5345886838974762,1.9937183,1060,607,453,.57264149,.42735848,607,936
3.468269775196231,1.9937191,1060,940,120,.88679248,.11320755,939,937
.528916522140818,1.9937205,1060,605,455,.57075471,.42924529,605,938
.3689272645401354,1.9937224,1060,561,499,.52924526,.47075471,561,939
.5421585325526915,1.9937295,1060,608,452,.57358491,.42641509,608,940
.5459581279468231,1.9937326,1060,612,448,.57735848,.42264152,612,941
.5463878022924843,1.9937329,1060,613,447,.57830191,.42169812,613,942
.5327015267907491,1.9937334,1060,606,454,.57169813,.4283019,606,943
.5434830952944953,1.9937407,1060,610,450,.5754717,.4245283,610,944
.5458943831894781,1.9937422,1060,611,449,.57641512,.42358491,611,945
.205515950342617,1.9937435,1060,506,554,.47735849,.52264148,505,946
.206030495735367,1.9937435,1060,506,554,.47735849,.52264148,506,947
.2079571780318478,1.9937476,1060,507,553,.47830188,.52169812,507,948
.5425629382167469,1.9937483,1060,609,451,.57452828,.42547169,609,949
.1176529482866027,1.9937567,1060,475,585,.4481132,.5518868,474,950
.1199801025061656,1.9937567,1060,475,585,.4481132,.5518868,475,951
.2208589338731437,1.9937609,1060,514,546,.48490566,.51509434,513,952
.2080860448934963,1.9937632,1060,508,552,.47924528,.52075469,508,953
.2200320988909551,1.9937633,1060,512,548,.48301888,.51698112,512,954
.1148064772917683,1.9937677,1060,473,587,.44622642,.55377358,472,955
.1150880554353924,1.9937677,1060,473,587,.44622642,.55377358,473,956
.6386259747774307,1.9937724,1060,638,422,.60188681,.39811322,638,957
.5102967902297806,1.9937755,1060,602,458,.5679245,.43207547,602,958
.6120180126838577,1.9937769,1060,633,427,.59716982,.40283018,633,959
.4037184517058328,1.9937812,1060,570,490,.53773582,.46226415,569,960
.2211452247610771,1.9937814,1060,515,545,.48584905,.51415092,514,961
.2237426798480767,1.9937814,1060,515,545,.48584905,.51415092,515,962
3.524151034369479,1.9937843,1060,943,117,.88962263,.11037736,943,963
.4099939109738259,1.9937849,1060,571,489,.53867924,.46132076,570,964
.5501559066451692,1.9937929,1060,614,446,.57924527,.42075473,614,965
.2140755814300986,1.9937937,1060,511,549,.48207548,.51792455,510,966
.2198000088042034,1.9937937,1060,511,549,.48207548,.51792455,511,967
.5053582845539493,1.9937943,1060,599,461,.56509435,.43490565,599,968
.5086776642463299,1.9937949,1060,600,460,.56603771,.43396226,600,969
.5846304711723582,1.9937949,1060,625,435,.58962262,.41037735,625,970
.51028021969419,1.9937962,1060,601,459,.56698114,.43301886,601,971
10.81609890920991,1.9937967,1060,1031,29,.97264153,.027358491,1031,972
.3980173294154927,1.9937983,1060,568,492,.53584903,.46415094,567,973
.4020304296796516,1.9937983,1060,568,492,.53584903,.46415094,568,974
.5517992352654554,1.9938023,1060,615,445,.58018869,.41981131,615,975
.113332293035392,1.993803,1060,472,588,.44528303,.554717,471,976
.2400746609175815,1.9938077,1060,522,538,.49245283,.50754714,521,977
.5773850367629361,1.9938085,1060,623,437,.58773583,.41226414,623,978
.5640976063999434,1.9938117,1060,617,443,.58207548,.41792452,617,979
.5632902444115256,1.9938138,1060,616,444,.58113205,.41886792,616,980
.2106409445430186,1.9938146,1060,509,551,.48018867,.51981133,509,981
.5657505753304392,1.9938173,1060,618,442,.58301884,.41698113,618,982
.2534097336019841,1.9938185,1060,526,534,.49622643,.50377357,526,983
.5011014638919187,1.9938194,1060,598,462,.56415093,.43584907,598,984
.5923037877887671,1.993822,1060,628,432,.59245282,.40754718,628,985
3.471583599559604,1.9938229,1060,942,118,.88867927,.11132076,941,986
3.493969146447907,1.9938229,1060,942,118,.88867927,.11132076,942,987
.5907096486438044,1.9938245,1060,627,433,.59150946,.40849057,627,988
.5885129156948993,1.993826,1060,626,434,.59056604,.40943396,626,989
.2320450976217034,1.9938267,1060,517,543,.48773584,.51226413,517,990
.2496324344524825,1.9938285,1060,524,536,.49433962,.50566036,523,991
.2522436844577854,1.9938285,1060,524,536,.49433962,.50566036,524,992
.2480132758755562,1.9938302,1060,523,537,.49339622,.50660378,522,993
6.61634410099793,1.9938306,1060,1009,51,.95188677,.048113208,1009,994
.2529852668048065,1.9938333,1060,525,535,.49528301,.50471699,525,995
.6359152896479273,1.9938403,1060,636,424,.60000002,.40000001,636,996
.2374351988662302,1.9938446,1060,520,540,.49056605,.50943398,520,997
.6015434509669761,1.9938457,1060,629,431,.59339625,.40660378,629,998
.6042237671087677,1.9938463,1060,630,430,.59433961,.40566039,630,999
.6071984385335736,1.9938463,1060,631,429,.59528303,.40471697,631,1000
.5658792065772515,1.9938476,1060,619,441,.58396226,.41603774,619,1001
.6076304611708782,1.9938484,1060,632,428,.59622639,.40377358,632,1002
.2341611727584321,1.993852,1060,519,541,.48962265,.51037735,518,1003
.2360005960240061,1.993852,1060,519,541,.48962265,.51037735,519,1004
.2290894878671771,1.9938546,1060,516,544,.48679245,.51320755,516,1005
.5778063232521807,1.9938581,1060,624,436,.58867925,.41132075,624,1006
.6225883488839016,1.9938661,1060,634,426,.59811318,.40188679,634,1007
.6261977754548028,1.993867,1060,635,425,.5990566,.4009434,635,1008
.5737453956681163,1.9938768,1060,622,438,.58679247,.41320756,622,1009
6.619817884335078,1.9938973,1060,1010,50,.9528302,.047169812,1010,1010
6.690714332870139,1.9939189,1060,1011,49,.95377356,.046226416,1011,1011
.6384030334037347,1.9939398,1060,637,423,.60094339,.39905661,637,1012
.5732109260525531,1.993969,1060,621,439,.58584905,.41415095,621,1013
.5731430625662888,1.9939783,1060,620,440,.58490568,.41509435,620,1014
-4.148209587240556,1.9940165,1060,20,1040,.018867925,.98113209,20,1015
7.556847927960839,1.994081,1060,1016,44,.95849055,.041509435,1016,1016
7.361673586753619,1.9940856,1060,1015,45,.95754719,.042452831,1015,1017
-3.994023549173138,1.9940925,1060,23,1037,.021698114,.97830188,22,1018
-3.851262101321651,1.9940925,1060,23,1037,.021698114,.97830188,23,1019
-4.147498112508595,1.9941174,1060,21,1039,.019811321,.98018867,21,1020
6.732938835573862,1.9941213,1060,1013,47,.9556604,.044339623,1012,1021
6.952713199281218,1.9941213,1060,1013,47,.9556604,.044339623,1013,1022
-4.154122667085695,1.9941335,1060,19,1041,.017924529,.98207545,19,1023
7.258384980845494,1.9941512,1060,1014,46,.95660377,.043396227,1014,1024
-7.911889380557596,1.994413,1060,8,1052,.0075471699,.99245286,7,1025
-6.755950672813747,1.994413,1060,8,1052,.0075471699,.99245286,8,1026
-9.061737019286829,1.9944615,1060,6,1054,.0056603774,.99433964,6,1027
7.636157207454983,1.9944881,1060,1017,43,.95943397,.040566038,1017,1028
8.97689569424519,1.9945161,1060,1028,32,.96981132,.03018868,1028,1029
9.865113812889954,1.9945168,1060,1029,31,.97075474,.029245283,1029,1030
7.655687893502845,1.9945209,1060,1019,41,.96132076,.038679246,1018,1031
8.111977265484992,1.9945209,1060,1019,41,.96132076,.038679246,1019,1032
8.232867070209114,1.9945296,1060,1020,40,.96226418,.03773585,1020,1033
8.241501980219281,1.9945438,1060,1021,39,.96320754,.036792453,1021,1034
8.738995635335211,1.9945438,1060,1026,34,.96792454,.032075472,1026,1035
8.879072523091491,1.9945447,1060,1027,33,.9688679,.031132076,1027,1036
8.271885878532409,1.9945576,1060,1022,38,.96415097,.035849057,1022,1037
8.590746014961766,1.9945674,1060,1024,36,.96603775,.033962265,1024,1038
8.366667376860617,1.9945691,1060,1023,37,.96509433,.034905661,1023,1039
.6453288291101431,1.9945751,1060,640,420,.60377359,.39622641,640,1040
.6400057399766627,1.994593,1060,639,421,.60283017,.3971698,639,1041
10.46647323011863,1.9945964,1060,1030,30,.97169811,.028301887,1030,1042
-4.423003973690236,1.9946024,1060,17,1043,.016037736,.98396224,16,1043
-4.304554595164124,1.9946024,1060,17,1043,.016037736,.98396224,17,1044
8.65633201699678,1.994607,1060,1025,35,.96698111,.033018868,1025,1045
-17.95158389851494,1.9946084,1060,2,1058,.0018867925,.99811321,2,1046
.6584540421714037,1.9946135,1060,642,418,.60566038,.39433962,642,1047
.6694856799978561,1.9946165,1060,643,417,.6066038,.39339623,643,1048
.6716670651698553,1.9946175,1060,644,416,.60754716,.39245284,644,1049
.6547161316538739,1.9946203,1060,641,419,.60471696,.39528301,641,1050
.6837312536047939,1.9946251,1060,648,412,.61132073,.38867924,648,1051
.6732045589994085,1.9946274,1060,646,414,.60943395,.39056605,646,1052
.6722619062873818,1.9946276,1060,645,415,.60849059,.39150944,645,1053
.6824038179630403,1.9946287,1060,647,413,.61037737,.38962263,647,1054
-4.20859050577237,1.9946288,1060,18,1042,.016981132,.98301888,18,1055
.7055817364315297,1.9946288,1060,651,409,.61415094,.38584906,651,1056
.7055612369692613,1.9946302,1060,650,410,.61320752,.38679245,650,1057
.7015899085500604,1.9946316,1060,649,411,.61226416,.38773584,649,1058
-9.59829519805391,1.9946462,1060,5,1055,.0047169812,.99528301,5,1059
